{
  "project_info": {
    "project_number": "376199411701",
    "project_id": "b2-examenje",
    "storage_bucket": "b2-examenje.appspot.com"
  },
  "client": [
    {
      "client_info": {
        "mobilesdk_app_id": "1:376199411701:android:daa520e8d0d5752735d2bc",
        "android_client_info": {
          "package_name": "com.example.examenjeimmye"
        }
      },
      "oauth_client": [],
      "api_key": [
        {
          "current_key": "AIzaSyCZR5K1aQerVVvOykkI_GNn7VE9w4_mKYM"
        }
      ],
      "services": {
        "appinvite_service": {
          "other_platform_oauth_client": []
        }
      }
    }
  ],
  "configuration_version": "1"
}